frame,class,range_m,occluded,truncated,n_points,detected
000001,Car,61.069,0,0.0,9,True
000001,Cyclist,46.351,3,0.0,18,False
000004,Car,41.637,0,0.0,82,True
000004,Car,53.865,0,0.0,26,True
000007,Car,25.309,0,0.0,200,True
000007,Car,48.415,0,0.0,22,True
000007,Car,60.99,0,0.0,5,True
000007,Cyclist,36.632,0,0.0,26,True
000008,Car,4.811,3,0.88,7140,True
000008,Car,8.235,1,0.0,2091,True
000008,Car,7.475,3,0.34,1513,True
000008,Car,14.766,1,0.0,806,True
000008,Car,34.259,0,0.0,74,True
000008,Car,21.948,0,0.0,255,True
000009,Car,24.18,0,0.0,223,True
000009,Car,66.659,2,0.0,4,True
000009,Car,68.575,0,0.0,2,True
000010,Car,7.045,0,0.8,2536,True
000010,Car,12.326,0,0.0,1179,True
000010,Pedestrian,25.21,2,0.0,23,True
000010,Car,17.775,0,0.0,412,True
000010,Car,23.367,2,0.0,60,True
000010,Car,23.933,0,0.0,264,True
000010,Car,29.366,2,0.0,66,True
000010,Car,29.874,1,0.0,36,True
000010,Car,43.372,1,0.0,23,True
000011,Pedestrian,13.673,1,0.0,180,True
000011,Pedestrian,14.745,2,0.0,35,True
000011,Car,27.384,0,0.0,217,True
000011,Pedestrian,34.437,0,0.0,40,True
000011,Car,6.778,0,0.98,3677,True
000011,Pedestrian,18.078,0,0.0,93,True
000012,Car,59.376,0,0.0,16,True
000015,Car,5.163,0,0.89,6418,True
000015,Pedestrian,9.174,1,0.0,451,True
000015,Pedestrian,24.526,0,0.0,76,True
000015,Pedestrian,24.703,0,0.0,84,False
000015,Pedestrian,23.632,0,0.0,83,True
000016,Car,44.891,2,0.0,34,True
000016,Car,33.727,0,0.0,93,True
000016,Car,7.333,0,0.5,2768,True
000016,Car,47.468,0,0.0,17,True
000019,Car,10.401,0,0.0,1388,True
000019,Car,60.011,0,0.0,21,True
000021,Cyclist,4.387,0,0.89,1878,False
000021,Car,13.925,0,0.0,976,True
000021,Car,18.067,1,0.0,266,True
000021,Car,26.76,0,0.0,193,True
000021,Car,27.166,1,0.0,135,True
000021,Car,32.889,2,0.0,58,True
000021,Car,32.087,2,0.0,33,True
000023,Car,57.806,0,0.0,13,True
000023,Cyclist,45.276,3,0.0,21,False
000025,Car,4.195,3,0.94,1753,True
000025,Car,10.938,0,0.0,1261,True
000025,Car,30.48,0,0.0,87,True
000025,Car,18.136,0,0.0,373,True
000025,Cyclist,45.006,3,0.0,23,False
000025,Car,22.981,1,0.0,50,True
000031,Car,12.893,0,0.0,1214,True
000031,Car,9.304,0,0.0,1333,True
000031,Car,13.736,1,0.0,650,True
000031,Car,26.835,0,0.0,174,True
000032,Car,9.929,0,0.0,1777,True
000032,Car,9.406,0,0.0,1620,True
000032,Car,14.088,1,0.0,453,True
000032,Car,20.455,2,0.0,74,True
000032,Car,26.122,2,0.0,75,True
000032,Car,45.432,0,0.0,42,True
000043,Pedestrian,13.038,0,0.0,213,False
000043,Pedestrian,12.917,0,0.0,218,True
000043,Pedestrian,20.935,0,0.0,99,True
000043,Pedestrian,20.852,0,0.0,101,True
000048,Pedestrian,17.152,0,0.0,160,False
000048,Pedestrian,17.426,0,0.0,177,True
000048,Pedestrian,16.836,0,0.0,142,True
000048,Cyclist,30.687,0,0.0,42,True
000049,Car,21.842,0,0.0,243,True
000049,Car,14.628,0,0.0,1142,True
000049,Car,22.574,2,0.0,140,False
000049,Car,25.486,2,0.0,88,False
000049,Car,33.065,2,0.0,20,False
000049,Pedestrian,5.709,3,0.29,1372,True
000049,Car,10.659,1,0.0,744,True
000049,Car,15.72,1,0.0,534,True
000049,Car,20.925,2,0.0,262,True
000049,Pedestrian,33.075,0,0.0,43,True
000049,Car,33.519,2,0.0,76,True
000049,Car,14.67,3,0.07,494,True
000049,Car,19.288,1,0.0,372,True
000049,Car,35.961,2,0.0,9,True
000049,Car,23.476,2,0.0,28,False
000049,Car,22.613,3,0.38,59,False
000061,Car,14.887,3,0.79,491,True
000061,Car,41.178,2,0.0,12,False
000061,Car,21.395,1,0.14,157,True
