mode,frame,n_points,run,ms
same_frame,000011,108004,0,72.763
same_frame,000011,108004,1,67.852
same_frame,000011,108004,2,60.7
same_frame,000011,108004,3,63.068
same_frame,000011,108004,4,61.19
same_frame,000011,108004,5,62.641
same_frame,000011,108004,6,62.513
same_frame,000011,108004,7,60.892
same_frame,000011,108004,8,62.145
same_frame,000011,108004,9,64.157
same_frame,000011,108004,10,61.309
same_frame,000011,108004,11,60.69
same_frame,000011,108004,12,59.696
same_frame,000011,108004,13,59.916
same_frame,000011,108004,14,61.723
same_frame,000011,108004,15,60.166
same_frame,000011,108004,16,77.226
same_frame,000011,108004,17,59.45
same_frame,000011,108004,18,59.174
same_frame,000011,108004,19,59.88
same_frame,000011,108004,20,59.287
same_frame,000011,108004,21,59.978
same_frame,000011,108004,22,59.095
same_frame,000011,108004,23,60.561
same_frame,000011,108004,24,59.526
same_frame,000011,108004,25,64.057
same_frame,000011,108004,26,60.833
same_frame,000011,108004,27,59.25
same_frame,000011,108004,28,60.375
same_frame,000011,108004,29,60.025
all_frames,000001,120268,0,67.272
all_frames,000001,120268,1,68.509
all_frames,000001,120268,2,68.907
all_frames,000001,120268,3,68.812
all_frames,000001,120268,4,66.71
all_frames,000001,120268,5,68.663
all_frames,000001,120268,6,66.957
all_frames,000001,120268,7,67.185
all_frames,000001,120268,8,68.425
all_frames,000001,120268,9,67.563
all_frames,000001,120268,10,68.393
all_frames,000001,120268,11,65.821
all_frames,000001,120268,12,68.298
all_frames,000001,120268,13,67.22
all_frames,000001,120268,14,67.087
all_frames,000001,120268,15,68.06
all_frames,000001,120268,16,66.367
all_frames,000001,120268,17,67.417
all_frames,000001,120268,18,67.504
all_frames,000001,120268,19,66.049
all_frames,000001,120268,20,68.233
all_frames,000001,120268,21,65.732
all_frames,000001,120268,22,65.548
all_frames,000001,120268,23,67.796
all_frames,000001,120268,24,65.277
all_frames,000001,120268,25,67.941
all_frames,000001,120268,26,67.131
all_frames,000001,120268,27,66.347
all_frames,000001,120268,28,68.464
all_frames,000001,120268,29,65.43
all_frames,000004,115976,0,73.964
all_frames,000004,115976,1,64.701
all_frames,000004,115976,2,62.926
all_frames,000004,115976,3,62.752
all_frames,000004,115976,4,63.781
all_frames,000004,115976,5,62.671
all_frames,000004,115976,6,64.776
all_frames,000004,115976,7,64.719
all_frames,000004,115976,8,62.651
all_frames,000004,115976,9,63.963
all_frames,000004,115976,10,63.019
all_frames,000004,115976,11,65.025
all_frames,000004,115976,12,63.55
all_frames,000004,115976,13,63.482
all_frames,000004,115976,14,63.721
all_frames,000004,115976,15,63.31
all_frames,000004,115976,16,64.274
all_frames,000004,115976,17,65.254
all_frames,000004,115976,18,63.58
all_frames,000004,115976,19,64.68
all_frames,000004,115976,20,65.561
all_frames,000004,115976,21,65.114
all_frames,000004,115976,22,63.546
all_frames,000004,115976,23,64.493
all_frames,000004,115976,24,63.491
all_frames,000004,115976,25,63.464
all_frames,000004,115976,26,66.188
all_frames,000004,115976,27,63.139
all_frames,000004,115976,28,63.961
all_frames,000004,115976,29,62.19
all_frames,000007,122798,0,67.253
all_frames,000007,122798,1,66.82
all_frames,000007,122798,2,69.306
all_frames,000007,122798,3,67.852
all_frames,000007,122798,4,67.587
all_frames,000007,122798,5,65.828
all_frames,000007,122798,6,68.033
all_frames,000007,122798,7,67.579
all_frames,000007,122798,8,67.256
all_frames,000007,122798,9,68.016
all_frames,000007,122798,10,67.146
all_frames,000007,122798,11,69.355
all_frames,000007,122798,12,66.751
all_frames,000007,122798,13,69.397
all_frames,000007,122798,14,66.574
all_frames,000007,122798,15,67.288
all_frames,000007,122798,16,67.961
all_frames,000007,122798,17,66.591
all_frames,000007,122798,18,69.076
all_frames,000007,122798,19,67.571
all_frames,000007,122798,20,68.727
all_frames,000007,122798,21,67.596
all_frames,000007,122798,22,68.011
all_frames,000007,122798,23,68.528
all_frames,000007,122798,24,67.34
all_frames,000007,122798,25,67.788
all_frames,000007,122798,26,69.267
all_frames,000007,122798,27,68.521
all_frames,000007,122798,28,66.749
all_frames,000007,122798,29,68.749
all_frames,000008,122555,0,59.41
all_frames,000008,122555,1,57.523
all_frames,000008,122555,2,57.83
all_frames,000008,122555,3,57.381
all_frames,000008,122555,4,58.321
all_frames,000008,122555,5,59.82
all_frames,000008,122555,6,57.142
all_frames,000008,122555,7,57.039
all_frames,000008,122555,8,57.073
all_frames,000008,122555,9,58.305
all_frames,000008,122555,10,58.81
all_frames,000008,122555,11,58.262
all_frames,000008,122555,12,57.492
all_frames,000008,122555,13,58.077
all_frames,000008,122555,14,57.73
all_frames,000008,122555,15,59.017
all_frames,000008,122555,16,57.946
all_frames,000008,122555,17,58.808
all_frames,000008,122555,18,57.396
all_frames,000008,122555,19,58.396
all_frames,000008,122555,20,59.471
all_frames,000008,122555,21,59.252
all_frames,000008,122555,22,57.918
all_frames,000008,122555,23,58.0
all_frames,000008,122555,24,58.26
all_frames,000008,122555,25,61.214
all_frames,000008,122555,26,64.663
all_frames,000008,122555,27,64.142
all_frames,000008,122555,28,61.298
all_frames,000008,122555,29,60.574
all_frames,000009,123928,0,65.862
all_frames,000009,123928,1,67.459
all_frames,000009,123928,2,65.024
all_frames,000009,123928,3,65.016
all_frames,000009,123928,4,68.157
all_frames,000009,123928,5,64.621
all_frames,000009,123928,6,65.18
all_frames,000009,123928,7,66.022
all_frames,000009,123928,8,65.786
all_frames,000009,123928,9,67.466
all_frames,000009,123928,10,68.101
all_frames,000009,123928,11,64.863
all_frames,000009,123928,12,65.929
all_frames,000009,123928,13,67.473
all_frames,000009,123928,14,64.333
all_frames,000009,123928,15,64.595
all_frames,000009,123928,16,65.157
all_frames,000009,123928,17,67.72
all_frames,000009,123928,18,76.034
all_frames,000009,123928,19,63.545
all_frames,000009,123928,20,64.639
all_frames,000009,123928,21,65.529
all_frames,000009,123928,22,66.062
all_frames,000009,123928,23,64.901
all_frames,000009,123928,24,65.174
all_frames,000009,123928,25,66.054
all_frames,000009,123928,26,64.915
all_frames,000009,123928,27,65.348
all_frames,000009,123928,28,66.793
all_frames,000009,123928,29,65.091
all_frames,000010,115875,0,59.202
all_frames,000010,115875,1,62.525
all_frames,000010,115875,2,59.827
all_frames,000010,115875,3,57.435
all_frames,000010,115875,4,57.737
all_frames,000010,115875,5,58.137
all_frames,000010,115875,6,57.849
all_frames,000010,115875,7,56.286
all_frames,000010,115875,8,58.694
all_frames,000010,115875,9,59.251
all_frames,000010,115875,10,59.887
all_frames,000010,115875,11,57.456
all_frames,000010,115875,12,59.201
all_frames,000010,115875,13,59.662
all_frames,000010,115875,14,60.963
all_frames,000010,115875,15,59.468
all_frames,000010,115875,16,58.664
all_frames,000010,115875,17,58.617
all_frames,000010,115875,18,60.403
all_frames,000010,115875,19,58.976
all_frames,000010,115875,20,58.301
all_frames,000010,115875,21,58.896
all_frames,000010,115875,22,59.528
all_frames,000010,115875,23,59.044
all_frames,000010,115875,24,58.774
all_frames,000010,115875,25,60.005
all_frames,000010,115875,26,58.867
all_frames,000010,115875,27,57.532
all_frames,000010,115875,28,58.502
all_frames,000010,115875,29,60.265
all_frames,000011,108004,0,60.073
all_frames,000011,108004,1,61.676
all_frames,000011,108004,2,60.72
all_frames,000011,108004,3,67.416
all_frames,000011,108004,4,66.032
all_frames,000011,108004,5,60.896
all_frames,000011,108004,6,62.539
all_frames,000011,108004,7,62.635
all_frames,000011,108004,8,63.935
all_frames,000011,108004,9,61.699
all_frames,000011,108004,10,61.121
all_frames,000011,108004,11,61.472
all_frames,000011,108004,12,61.538
all_frames,000011,108004,13,60.316
all_frames,000011,108004,14,60.867
all_frames,000011,108004,15,60.718
all_frames,000011,108004,16,60.01
all_frames,000011,108004,17,60.008
all_frames,000011,108004,18,60.351
all_frames,000011,108004,19,63.561
all_frames,000011,108004,20,61.266
all_frames,000011,108004,21,60.979
all_frames,000011,108004,22,61.195
all_frames,000011,108004,23,59.928
all_frames,000011,108004,24,61.648
all_frames,000011,108004,25,60.793
all_frames,000011,108004,26,61.322
all_frames,000011,108004,27,60.78
all_frames,000011,108004,28,61.198
all_frames,000011,108004,29,61.975
all_frames,000012,120007,0,65.058
all_frames,000012,120007,1,65.08
all_frames,000012,120007,2,67.366
all_frames,000012,120007,3,66.289
all_frames,000012,120007,4,67.264
all_frames,000012,120007,5,65.119
all_frames,000012,120007,6,82.071
all_frames,000012,120007,7,68.932
all_frames,000012,120007,8,67.242
all_frames,000012,120007,9,64.961
all_frames,000012,120007,10,66.312
all_frames,000012,120007,11,66.872
all_frames,000012,120007,12,64.764
all_frames,000012,120007,13,87.951
all_frames,000012,120007,14,68.805
all_frames,000012,120007,15,64.666
all_frames,000012,120007,16,67.008
all_frames,000012,120007,17,66.106
all_frames,000012,120007,18,66.542
all_frames,000012,120007,19,65.234
all_frames,000012,120007,20,67.739
all_frames,000012,120007,21,66.431
all_frames,000012,120007,22,65.186
all_frames,000012,120007,23,66.063
all_frames,000012,120007,24,67.474
all_frames,000012,120007,25,65.683
all_frames,000012,120007,26,66.317
all_frames,000012,120007,27,66.092
all_frames,000012,120007,28,65.467
all_frames,000012,120007,29,69.622
all_frames,000015,122583,0,60.182
all_frames,000015,122583,1,60.659
all_frames,000015,122583,2,61.81
all_frames,000015,122583,3,62.266
all_frames,000015,122583,4,60.925
all_frames,000015,122583,5,61.141
all_frames,000015,122583,6,60.978
all_frames,000015,122583,7,61.57
all_frames,000015,122583,8,60.062
all_frames,000015,122583,9,62.161
all_frames,000015,122583,10,60.403
all_frames,000015,122583,11,62.615
all_frames,000015,122583,12,62.33
all_frames,000015,122583,13,65.498
all_frames,000015,122583,14,62.473
all_frames,000015,122583,15,60.714
all_frames,000015,122583,16,61.102
all_frames,000015,122583,17,61.202
all_frames,000015,122583,18,63.17
all_frames,000015,122583,19,76.222
all_frames,000015,122583,20,62.138
all_frames,000015,122583,21,64.231
all_frames,000015,122583,22,60.361
all_frames,000015,122583,23,60.415
all_frames,000015,122583,24,60.208
all_frames,000015,122583,25,62.54
all_frames,000015,122583,26,60.673
all_frames,000015,122583,27,60.548
all_frames,000015,122583,28,61.808
all_frames,000015,122583,29,77.542
all_frames,000016,113070,0,63.437
all_frames,000016,113070,1,62.653
all_frames,000016,113070,2,65.537
all_frames,000016,113070,3,61.414
all_frames,000016,113070,4,61.968
all_frames,000016,113070,5,61.549
all_frames,000016,113070,6,62.9
all_frames,000016,113070,7,64.341
all_frames,000016,113070,8,63.967
all_frames,000016,113070,9,63.402
all_frames,000016,113070,10,63.522
all_frames,000016,113070,11,62.498
all_frames,000016,113070,12,61.426
all_frames,000016,113070,13,60.77
all_frames,000016,113070,14,62.139
all_frames,000016,113070,15,62.244
all_frames,000016,113070,16,62.279
all_frames,000016,113070,17,63.467
all_frames,000016,113070,18,63.514
all_frames,000016,113070,19,62.353
all_frames,000016,113070,20,65.841
all_frames,000016,113070,21,62.062
all_frames,000016,113070,22,61.948
all_frames,000016,113070,23,62.054
all_frames,000016,113070,24,64.668
all_frames,000016,113070,25,65.613
all_frames,000016,113070,26,62.939
all_frames,000016,113070,27,74.518
all_frames,000016,113070,28,64.717
all_frames,000016,113070,29,62.553
all_frames,000019,115697,0,62.717
all_frames,000019,115697,1,62.071
all_frames,000019,115697,2,64.0
all_frames,000019,115697,3,64.392
all_frames,000019,115697,4,63.771
all_frames,000019,115697,5,62.466
all_frames,000019,115697,6,63.355
all_frames,000019,115697,7,63.086
all_frames,000019,115697,8,62.122
all_frames,000019,115697,9,62.313
all_frames,000019,115697,10,61.514
all_frames,000019,115697,11,62.294
all_frames,000019,115697,12,64.023
all_frames,000019,115697,13,62.644
all_frames,000019,115697,14,62.487
all_frames,000019,115697,15,61.493
all_frames,000019,115697,16,61.617
all_frames,000019,115697,17,62.391
all_frames,000019,115697,18,62.815
all_frames,000019,115697,19,61.386
all_frames,000019,115697,20,64.106
all_frames,000019,115697,21,61.99
all_frames,000019,115697,22,63.069
all_frames,000019,115697,23,65.034
all_frames,000019,115697,24,64.547
all_frames,000019,115697,25,63.919
all_frames,000019,115697,26,62.227
all_frames,000019,115697,27,63.042
all_frames,000019,115697,28,64.1
all_frames,000019,115697,29,63.532
all_frames,000021,125260,0,62.76
all_frames,000021,125260,1,64.207
all_frames,000021,125260,2,64.048
all_frames,000021,125260,3,65.245
all_frames,000021,125260,4,65.434
all_frames,000021,125260,5,63.302
all_frames,000021,125260,6,63.007
all_frames,000021,125260,7,63.777
all_frames,000021,125260,8,67.425
all_frames,000021,125260,9,64.62
all_frames,000021,125260,10,63.934
all_frames,000021,125260,11,65.189
all_frames,000021,125260,12,65.409
all_frames,000021,125260,13,64.236
all_frames,000021,125260,14,64.856
all_frames,000021,125260,15,64.576
all_frames,000021,125260,16,64.922
all_frames,000021,125260,17,64.494
all_frames,000021,125260,18,64.096
all_frames,000021,125260,19,64.091
all_frames,000021,125260,20,64.966
all_frames,000021,125260,21,65.308
all_frames,000021,125260,22,63.434
all_frames,000021,125260,23,64.422
all_frames,000021,125260,24,65.663
all_frames,000021,125260,25,65.506
all_frames,000021,125260,26,63.297
all_frames,000021,125260,27,63.511
all_frames,000021,125260,28,63.898
all_frames,000021,125260,29,65.867
all_frames,000023,120412,0,68.292
all_frames,000023,120412,1,66.983
all_frames,000023,120412,2,68.766
all_frames,000023,120412,3,67.244
all_frames,000023,120412,4,77.336
all_frames,000023,120412,5,67.829
all_frames,000023,120412,6,67.423
all_frames,000023,120412,7,68.238
all_frames,000023,120412,8,67.452
all_frames,000023,120412,9,67.198
all_frames,000023,120412,10,68.791
all_frames,000023,120412,11,68.056
all_frames,000023,120412,12,67.787
all_frames,000023,120412,13,67.586
all_frames,000023,120412,14,66.717
all_frames,000023,120412,15,66.513
all_frames,000023,120412,16,67.844
all_frames,000023,120412,17,68.437
all_frames,000023,120412,18,66.588
all_frames,000023,120412,19,68.274
all_frames,000023,120412,20,66.161
all_frames,000023,120412,21,67.851
all_frames,000023,120412,22,67.177
all_frames,000023,120412,23,67.139
all_frames,000023,120412,24,69.174
all_frames,000023,120412,25,66.51
all_frames,000023,120412,26,68.984
all_frames,000023,120412,27,66.203
all_frames,000023,120412,28,67.242
all_frames,000023,120412,29,68.723
all_frames,000025,115780,0,67.492
all_frames,000025,115780,1,63.792
all_frames,000025,115780,2,57.643
all_frames,000025,115780,3,59.499
all_frames,000025,115780,4,57.73
all_frames,000025,115780,5,56.92
all_frames,000025,115780,6,77.187
all_frames,000025,115780,7,61.137
all_frames,000025,115780,8,57.594
all_frames,000025,115780,9,56.547
all_frames,000025,115780,10,59.375
all_frames,000025,115780,11,57.094
all_frames,000025,115780,12,56.576
all_frames,000025,115780,13,71.145
all_frames,000025,115780,14,56.089
all_frames,000025,115780,15,55.991
all_frames,000025,115780,16,56.557
all_frames,000025,115780,17,55.965
all_frames,000025,115780,18,58.213
all_frames,000025,115780,19,56.996
all_frames,000025,115780,20,56.893
all_frames,000025,115780,21,55.704
all_frames,000025,115780,22,58.012
all_frames,000025,115780,23,55.563
all_frames,000025,115780,24,57.118
all_frames,000025,115780,25,55.977
all_frames,000025,115780,26,57.137
all_frames,000025,115780,27,57.195
all_frames,000025,115780,28,56.044
all_frames,000025,115780,29,56.649
all_frames,000031,121291,0,61.204
all_frames,000031,121291,1,60.849
all_frames,000031,121291,2,66.158
all_frames,000031,121291,3,60.465
all_frames,000031,121291,4,61.116
all_frames,000031,121291,5,60.879
all_frames,000031,121291,6,60.978
all_frames,000031,121291,7,62.036
all_frames,000031,121291,8,60.792
all_frames,000031,121291,9,61.4
all_frames,000031,121291,10,60.363
all_frames,000031,121291,11,60.449
all_frames,000031,121291,12,61.447
all_frames,000031,121291,13,63.163
all_frames,000031,121291,14,65.169
all_frames,000031,121291,15,62.252
all_frames,000031,121291,16,69.925
all_frames,000031,121291,17,63.32
all_frames,000031,121291,18,61.871
all_frames,000031,121291,19,61.341
all_frames,000031,121291,20,61.588
all_frames,000031,121291,21,61.599
all_frames,000031,121291,22,60.566
all_frames,000031,121291,23,61.588
all_frames,000031,121291,24,61.032
all_frames,000031,121291,25,61.477
all_frames,000031,121291,26,60.119
all_frames,000031,121291,27,60.205
all_frames,000031,121291,28,60.543
all_frames,000031,121291,29,61.93
all_frames,000032,118661,0,62.76
all_frames,000032,118661,1,63.286
all_frames,000032,118661,2,62.612
all_frames,000032,118661,3,65.177
all_frames,000032,118661,4,63.333
all_frames,000032,118661,5,63.752
all_frames,000032,118661,6,62.795
all_frames,000032,118661,7,62.432
all_frames,000032,118661,8,64.362
all_frames,000032,118661,9,63.032
all_frames,000032,118661,10,63.09
all_frames,000032,118661,11,63.568
all_frames,000032,118661,12,63.054
all_frames,000032,118661,13,64.01
all_frames,000032,118661,14,63.318
all_frames,000032,118661,15,63.402
all_frames,000032,118661,16,64.308
all_frames,000032,118661,17,63.59
all_frames,000032,118661,18,63.219
all_frames,000032,118661,19,63.107
all_frames,000032,118661,20,64.23
all_frames,000032,118661,21,64.454
all_frames,000032,118661,22,65.779
all_frames,000032,118661,23,62.246
all_frames,000032,118661,24,64.284
all_frames,000032,118661,25,63.247
all_frames,000032,118661,26,63.353
all_frames,000032,118661,27,63.877
all_frames,000032,118661,28,64.135
all_frames,000032,118661,29,63.655
all_frames,000043,122591,0,61.522
all_frames,000043,122591,1,62.324
all_frames,000043,122591,2,61.466
all_frames,000043,122591,3,63.706
all_frames,000043,122591,4,63.767
all_frames,000043,122591,5,63.062
all_frames,000043,122591,6,63.577
all_frames,000043,122591,7,62.77
all_frames,000043,122591,8,63.262
all_frames,000043,122591,9,62.722
all_frames,000043,122591,10,63.87
all_frames,000043,122591,11,62.472
all_frames,000043,122591,12,62.829
all_frames,000043,122591,13,62.894
all_frames,000043,122591,14,62.79
all_frames,000043,122591,15,63.045
all_frames,000043,122591,16,62.652
all_frames,000043,122591,17,62.151
all_frames,000043,122591,18,62.722
all_frames,000043,122591,19,62.04
all_frames,000043,122591,20,62.096
all_frames,000043,122591,21,62.114
all_frames,000043,122591,22,62.248
all_frames,000043,122591,23,61.812
all_frames,000043,122591,24,63.452
all_frames,000043,122591,25,63.057
all_frames,000043,122591,26,63.048
all_frames,000043,122591,27,63.217
all_frames,000043,122591,28,61.574
all_frames,000043,122591,29,62.996
all_frames,000048,122675,0,61.815
all_frames,000048,122675,1,62.838
all_frames,000048,122675,2,63.533
all_frames,000048,122675,3,62.979
all_frames,000048,122675,4,63.228
all_frames,000048,122675,5,65.934
all_frames,000048,122675,6,62.484
all_frames,000048,122675,7,61.822
all_frames,000048,122675,8,63.02
all_frames,000048,122675,9,62.107
all_frames,000048,122675,10,63.126
all_frames,000048,122675,11,63.994
all_frames,000048,122675,12,65.336
all_frames,000048,122675,13,63.794
all_frames,000048,122675,14,62.324
all_frames,000048,122675,15,63.378
all_frames,000048,122675,16,62.751
all_frames,000048,122675,17,62.935
all_frames,000048,122675,18,62.868
all_frames,000048,122675,19,63.118
all_frames,000048,122675,20,63.986
all_frames,000048,122675,21,63.006
all_frames,000048,122675,22,63.473
all_frames,000048,122675,23,62.809
all_frames,000048,122675,24,64.308
all_frames,000048,122675,25,65.563
all_frames,000048,122675,26,64.491
all_frames,000048,122675,27,63.12
all_frames,000048,122675,28,67.783
all_frames,000048,122675,29,73.61
all_frames,000049,113691,0,56.707
all_frames,000049,113691,1,59.801
all_frames,000049,113691,2,60.484
all_frames,000049,113691,3,60.695
all_frames,000049,113691,4,56.78
all_frames,000049,113691,5,57.578
all_frames,000049,113691,6,61.218
all_frames,000049,113691,7,63.852
all_frames,000049,113691,8,60.24
all_frames,000049,113691,9,59.574
all_frames,000049,113691,10,56.103
all_frames,000049,113691,11,59.379
all_frames,000049,113691,12,60.157
all_frames,000049,113691,13,64.583
all_frames,000049,113691,14,80.696
all_frames,000049,113691,15,63.497
all_frames,000049,113691,16,76.832
all_frames,000049,113691,17,56.637
all_frames,000049,113691,18,56.487
all_frames,000049,113691,19,60.771
all_frames,000049,113691,20,64.122
all_frames,000049,113691,21,66.94
all_frames,000049,113691,22,58.455
all_frames,000049,113691,23,57.324
all_frames,000049,113691,24,57.838
all_frames,000049,113691,25,58.658
all_frames,000049,113691,26,60.55
all_frames,000049,113691,27,57.847
all_frames,000049,113691,28,61.503
all_frames,000049,113691,29,63.085
all_frames,000061,125247,0,65.003
all_frames,000061,125247,1,63.831
all_frames,000061,125247,2,68.401
all_frames,000061,125247,3,63.381
all_frames,000061,125247,4,66.08
all_frames,000061,125247,5,66.301
all_frames,000061,125247,6,65.662
all_frames,000061,125247,7,72.185
all_frames,000061,125247,8,67.784
all_frames,000061,125247,9,64.221
all_frames,000061,125247,10,64.677
all_frames,000061,125247,11,65.857
all_frames,000061,125247,12,63.619
all_frames,000061,125247,13,63.271
all_frames,000061,125247,14,64.317
all_frames,000061,125247,15,65.852
all_frames,000061,125247,16,64.386
all_frames,000061,125247,17,64.848
all_frames,000061,125247,18,66.612
all_frames,000061,125247,19,67.776
all_frames,000061,125247,20,63.786
all_frames,000061,125247,21,64.298
all_frames,000061,125247,22,66.858
all_frames,000061,125247,23,65.277
all_frames,000061,125247,24,67.331
all_frames,000061,125247,25,65.638
all_frames,000061,125247,26,63.727
all_frames,000061,125247,27,68.381
all_frames,000061,125247,28,73.166
all_frames,000061,125247,29,68.577
