frame,score_thr,n_gt,tp,fn,fp,pass
000001,0.3,2,1,1,2,False
000004,0.3,2,2,0,0,True
000007,0.3,4,4,0,0,True
000008,0.3,6,6,0,4,False
000009,0.3,3,3,0,0,True
000010,0.3,9,9,0,1,False
000011,0.3,6,6,0,4,False
000012,0.3,1,1,0,1,False
000015,0.3,5,4,1,10,False
000016,0.3,4,4,0,0,True
000019,0.3,2,2,0,1,False
000021,0.3,7,6,1,0,False
000023,0.3,2,1,1,0,False
000025,0.3,6,5,1,6,False
000031,0.3,4,4,0,1,False
000032,0.3,6,6,0,1,False
000043,0.3,4,3,1,4,False
000048,0.3,4,3,1,16,False
000049,0.3,16,11,5,0,False
000061,0.3,3,2,1,2,False
