score_thr,class,range,n_gt,detected,recall
0.1,Pedestrian,0-20m,10,8,0.8
0.1,Pedestrian,20-40m,8,7,0.875
0.1,Pedestrian,>40m,0,0,
0.1,Cyclist,0-20m,1,1,1.0
0.1,Cyclist,20-40m,2,2,1.0
0.1,Cyclist,>40m,3,1,0.333
0.1,Car,0-20m,28,28,1.0
0.1,Car,20-40m,29,24,0.828
0.1,Car,>40m,15,14,0.933
0.3,Pedestrian,0-20m,10,8,0.8
0.3,Pedestrian,20-40m,8,7,0.875
0.3,Pedestrian,>40m,0,0,
0.3,Cyclist,0-20m,1,0,0.0
0.3,Cyclist,20-40m,2,2,1.0
0.3,Cyclist,>40m,3,0,0.0
0.3,Car,0-20m,28,28,1.0
0.3,Car,20-40m,29,24,0.828
0.3,Car,>40m,15,14,0.933
0.5,Pedestrian,0-20m,10,7,0.7
0.5,Pedestrian,20-40m,8,7,0.875
0.5,Pedestrian,>40m,0,0,
0.5,Cyclist,0-20m,1,0,0.0
0.5,Cyclist,20-40m,2,2,1.0
0.5,Cyclist,>40m,3,0,0.0
0.5,Car,0-20m,28,28,1.0
0.5,Car,20-40m,29,23,0.793
0.5,Car,>40m,15,11,0.733
